,,,,,,,
,,,,,,,
,SPID,GeoID,PID,saledate,Amount,Customers,Boxes
,SP01,G4,P04,2021-01-01,8414,276,495
,SP02,G3,P14,2021-01-01,532,317,54
,SP12,G2,P08,2021-01-01,5376,178,269
,SP01,G4,P15,2021-01-01,259,32,22
,SP19,G2,P18,2021-01-01,5530,4,179
,SP17,G1,P13,2021-01-01,2184,63,122
,SP20,G6,P04,2021-01-01,1057,295,71
,SP14,G5,P16,2021-01-01,1036,370,37
,SP10,G5,P17,2021-01-01,4039,536,176
,SP06,G4,P01,2021-01-01,12894,115,478
,SP18,G2,P01,2021-01-01,4669,121,180
,SP04,G4,P16,2021-01-01,6377,184,246
,SP22,G3,P05,2021-01-01,4599,106,256
,SP22,G2,P09,2021-01-01,2751,228,251
,SP10,G1,P06,2021-01-01,15596,32,975
,SP06,G1,P11,2021-01-01,8561,111,330
,SP25,G6,P05,2021-01-01,14273,335,752
,SP02,G4,P13,2021-01-01,2506,99,148
,SP19,G3,P10,2021-01-01,2387,134,89
,SP09,G2,P07,2021-01-01,7553,67,280
,SP22,G4,P22,2021-01-01,3409,93,171
,SP15,G2,P22,2021-01-01,3878,24,216
,SP12,G2,P04,2021-01-01,3052,76,204
,SP18,G2,P21,2021-01-04,19229,64,1013
,SP15,G6,P21,2021-01-04,1988,179,95
,SP12,G6,P09,2021-01-04,147,9,11
,SP20,G6,P12,2021-01-04,2401,407,134
,SP11,G2,P17,2021-01-04,2814,296,94
,SP06,G6,P17,2021-01-04,5390,61,216
,SP23,G3,P02,2021-01-04,3920,16,262
,SP19,G3,P19,2021-01-04,7539,502,943
,SP23,G1,P16,2021-01-05,17248,163,664
,SP18,G6,P03,2021-01-05,1176,152,66
,SP17,G5,P13,2021-01-05,9730,361,573
,SP16,G4,P13,2021-01-05,2226,129,140
,SP18,G6,P12,2021-01-05,7063,250,643
,SP07,G4,P11,2021-01-05,7399,420,275
,SP04,G2,P09,2021-01-05,4284,230,306
,SP07,G4,P04,2021-01-05,4865,168,271
,SP06,G4,P19,2021-01-05,3780,111,315
,SP13,G1,P09,2021-01-05,3059,484,279
,SP11,G6,P11,2021-01-05,6622,57,276
,SP04,G1,P20,2021-01-06,644,116,34
,SP08,G1,P11,2021-01-06,4935,87,171
,SP13,G6,P22,2021-01-06,7182,29,378
,SP09,G5,P09,2021-01-06,539,10,77
,SP20,G6,P19,2021-01-06,637,79,91
,SP07,G2,P15,2021-01-06,1470,57,184
,SP10,G2,P13,2021-01-06,1442,108,61
,SP11,G2,P20,2021-01-06,9023,224,564
,SP03,G6,P01,2021-01-06,2709,27,101
,SP19,G3,P21,2021-01-07,5733,193,338
,SP05,G3,P02,2021-01-07,10451,155,1307
,SP18,G1,P18,2021-01-07,11228,236,388
,SP15,G6,P17,2021-01-07,3073,137,129
,SP09,G5,P13,2021-01-07,5467,109,288
,SP08,G2,P20,2021-01-07,4067,272,226
,SP02,G1,P05,2021-01-08,2814,69,149
,SP24,G4,P17,2021-01-08,2716,299,105
,SP22,G5,P09,2021-01-08,3570,61,325
,SP12,G1,P13,2021-01-08,9562,123,479
,SP17,G4,P22,2021-01-08,2373,2,104
,SP08,G1,P17,2021-01-08,2807,236,123
,SP10,G2,P01,2021-01-08,420,196,14
,SP06,G2,P04,2021-01-08,8239,157,515
,SP05,G4,P02,2021-01-08,6797,114,486
,SP22,G4,P13,2021-01-08,6048,56,319
,SP05,G5,P04,2021-01-08,364,14,21
,SP19,G5,P14,2021-01-08,6496,15,406
,SP24,G2,P09,2021-01-08,1057,45,106
,SP08,G6,P04,2021-01-08,357,185,17
,SP08,G5,P07,2021-01-08,6419,359,257
,SP08,G3,P10,2021-01-08,12726,179,579
,SP16,G2,P13,2021-01-11,6006,109,376
,SP15,G6,P08,2021-01-11,5124,33,285
,SP23,G4,P01,2021-01-11,2709,188,113
,SP01,G5,P01,2021-01-11,7238,67,315
,SP06,G1,P14,2021-01-12,6776,68,424
,SP11,G6,P01,2021-01-12,189,123,8
,SP08,G2,P12,2021-01-12,4669,217,390
,SP01,G3,P19,2021-01-12,490,188,35
,SP08,G5,P19,2021-01-12,4235,76,283
,SP13,G2,P07,2021-01-12,4487,161,187
,SP02,G3,P15,2021-01-12,2653,147,332
,SP04,G4,P10,2021-01-12,5306,5,253
,SP16,G2,P02,2021-01-12,6888,112,689
,SP08,G4,P16,2021-01-12,721,45,24
,SP14,G1,P10,2021-01-12,8610,124,345
,SP10,G2,P12,2021-01-12,11739,22,903
,SP16,G1,P09,2021-01-13,4774,206,341
,SP10,G3,P02,2021-01-13,6307,123,789
,SP21,G3,P08,2021-01-13,4340,168,217
,SP09,G1,P19,2021-01-13,1078,76,77
,SP13,G6,P03,2021-01-13,5418,287,247
,SP03,G2,P21,2021-01-13,6069,268,434
,SP15,G2,P21,2021-01-13,12334,119,686
,SP08,G6,P07,2021-01-13,728,234,32
,SP21,G1,P15,2021-01-13,2135,179,165
,SP07,G4,P13,2021-01-13,2121,130,89
,SP12,G6,P01,2021-01-14,6881,10,222
,SP24,G4,P07,2021-01-14,1239,97,50
,SP16,G5,P05,2021-01-14,3598,365,257
,SP18,G3,P20,2021-01-14,6580,210,347
,SP08,G6,P10,2021-01-14,1127,97,54
,SP22,G1,P22,2021-01-14,3605,345,139
,SP09,G4,P11,2021-01-14,5096,201,196
,SP25,G2,P08,2021-01-14,2135,183,98
,SP13,G2,P04,2021-01-14,35,142,3
,SP11,G1,P19,2021-01-14,13090,17,935
,SP05,G6,P20,2021-01-14,15785,209,1128
,SP20,G5,P12,2021-01-14,14574,86,810
,SP11,G4,P17,2021-01-14,3556,195,143
,SP02,G2,P12,2021-01-14,14532,142,969
,SP23,G4,P17,2021-01-14,4445,340,159
,SP17,G2,P01,2021-01-14,10339,207,357
,SP03,G4,P11,2021-01-14,1351,282,55
,SP02,G4,P15,2021-01-14,4011,260,335
,SP17,G6,P12,2021-01-14,5306,333,483
,SP24,G2,P11,2021-01-14,18704,78,585
,SP21,G3,P20,2021-01-14,9310,62,582
,SP04,G4,P06,2021-01-14,1211,37,61
,SP09,G3,P04,2021-01-15,3094,317,148
,SP17,G4,P04,2021-01-15,4949,244,248
,SP06,G4,P08,2021-01-15,308,91,19
,SP11,G1,P17,2021-01-15,7546,49,329
,SP12,G2,P13,2021-01-15,6713,422,373
,SP14,G4,P17,2021-01-15,6895,318,300
,SP02,G4,P05,2021-01-15,3430,120,202
,SP21,G4,P14,2021-01-18,4165,61,348
,SP25,G1,P03,2021-01-18,2380,209,159
,SP03,G6,P14,2021-01-18,6594,114,413
,SP04,G5,P04,2021-01-18,1428,55,76
,SP19,G5,P07,2021-01-18,2646,150,116
,SP10,G1,P01,2021-01-18,238,364,11
,SP24,G5,P04,2021-01-18,945,298,50
,SP11,G6,P10,2021-01-18,9436,102,337
,SP17,G2,P10,2021-01-18,4081,116,152
,SP04,G2,P08,2021-01-18,10556,25,587
,SP01,G2,P14,2021-01-18,2331,38,167
,SP11,G3,P16,2021-01-19,896,346,32
,SP20,G1,P18,2021-01-19,4214,314,169
,SP20,G3,P09,2021-01-19,2121,90,177
,SP23,G1,P13,2021-01-19,1029,386,47
,SP08,G1,P05,2021-01-19,15407,103,771
,SP03,G4,P17,2021-01-19,10129,134,406
,SP13,G2,P20,2021-01-19,16380,203,1092
,SP24,G1,P14,2021-01-19,3899,102,279
,SP05,G3,P10,2021-01-19,12075,264,432
,SP11,G2,P18,2021-01-19,10696,115,428
,SP19,G2,P03,2021-01-19,4039,436,238
,SP18,G1,P22,2021-01-19,5250,410,202
,SP21,G1,P08,2021-01-19,8113,25,508
,SP08,G6,P06,2021-01-19,161,95,10
,SP07,G6,P10,2021-01-19,8218,205,294
,SP06,G5,P15,2021-01-19,742,80,53
,SP03,G2,P11,2021-01-19,3087,193,111
,SP08,G1,P18,2021-01-19,5110,131,155
,SP04,G4,P04,2021-01-19,5873,164,267
,SP11,G6,P05,2021-01-19,4641,301,357
,SP04,G4,P22,2021-01-20,1155,34,45
,SP10,G6,P02,2021-01-20,784,247,49
,SP25,G4,P05,2021-01-20,5369,16,384
,SP10,G3,P06,2021-01-20,343,338,18
,SP10,G6,P19,2021-01-20,7007,38,584
,SP15,G1,P15,2021-01-20,126,127,13
,SP16,G1,P08,2021-01-20,3073,57,134
,SP19,G4,P21,2021-01-21,7805,86,488
,SP09,G6,P11,2021-01-21,3087,14,124
,SP13,G4,P21,2021-01-21,9030,85,452
,SP04,G2,P20,2021-01-21,7805,6,411
,SP18,G1,P11,2021-01-21,6979,38,233
,SP19,G1,P07,2021-01-21,11284,39,513
,SP17,G5,P01,2021-01-21,2408,106,90
,SP03,G6,P02,2021-01-21,5299,86,332
,SP10,G6,P16,2021-01-21,6293,158,234
,SP08,G5,P03,2021-01-21,280,408,17
,SP05,G1,P13,2021-01-21,644,483,30
,SP07,G5,P21,2021-01-21,2191,65,110
,SP16,G4,P21,2021-01-21,427,267,26
,SP14,G3,P20,2021-01-21,5537,346,426
,SP18,G5,P08,2021-01-21,742,264,31
,SP23,G3,P13,2021-01-21,4200,457,248
,SP08,G6,P15,2021-01-21,5299,203,442
,SP08,G2,P17,2021-01-21,3829,286,160
,SP20,G4,P18,2021-01-21,5747,70,192
,SP06,G4,P13,2021-01-21,2345,199,147
,SP12,G4,P09,2021-01-22,4312,181,616
,SP25,G4,P13,2021-01-22,1358,68,68
,SP01,G2,P09,2021-01-22,13146,85,1644
,SP05,G5,P14,2021-01-22,12047,295,927
,SP08,G3,P20,2021-01-22,5971,44,460
,SP16,G4,P02,2021-01-22,3038,280,254
,SP20,G6,P16,2021-01-22,8022,167,268
,SP16,G3,P15,2021-01-22,2226,1,248
,SP10,G3,P17,2021-01-22,2366,470,79
,SP24,G5,P02,2021-01-22,8386,194,599
,SP03,G3,P16,2021-01-22,13230,261,576
,SP17,G6,P03,2021-01-22,1771,151,111
,SP13,G6,P04,2021-01-22,3416,458,228
,SP17,G6,P13,2021-01-22,15197,11,634
,SP08,G4,P15,2021-01-22,5971,59,498
,SP02,G6,P09,2021-01-22,13335,227,1667
,SP23,G3,P21,2021-01-22,4613,54,210
,SP12,G1,P12,2021-01-22,10430,110,580
,SP20,G2,P03,2021-01-22,168,94,10
,SP25,G6,P08,2021-01-22,4606,256,192
,SP11,G6,P14,2021-01-22,1491,193,136
,SP02,G1,P08,2021-01-25,12194,302,509
,SP12,G6,P04,2021-01-25,10122,206,533
,SP09,G5,P08,2021-01-25,1841,164,88
,SP16,G6,P09,2021-01-25,6958,337,580
,SP07,G1,P08,2021-01-25,749,323,35
,SP16,G6,P04,2021-01-25,3507,48,195
,SP17,G4,P15,2021-01-25,7294,122,562
,SP10,G1,P12,2021-01-25,5040,219,420
,SP10,G1,P16,2021-01-25,3913,257,157
,SP09,G2,P02,2021-01-25,3598,101,300
,SP19,G2,P10,2021-01-25,8911,302,319
,SP08,G4,P22,2021-01-25,42,35,2
,SP13,G1,P21,2021-01-25,2282,222,109
,SP23,G3,P08,2021-01-25,12964,242,541
,SP09,G3,P20,2021-01-25,5775,219,361
,SP16,G4,P10,2021-01-25,10787,100,400
,SP20,G5,P21,2021-01-25,6342,115,374
,SP14,G1,P22,2021-01-25,11564,46,463
,SP03,G2,P04,2021-01-25,2793,37,156
,SP18,G3,P19,2021-01-25,1603,81,134
,SP06,G5,P03,2021-01-25,3052,357,180
,SP12,G3,P21,2021-01-25,1659,82,83
,SP01,G4,P05,2021-01-25,3143,82,210
,SP02,G2,P21,2021-01-25,12782,212,609
,SP21,G4,P19,2021-01-25,343,313,32
,SP10,G4,P14,2021-01-25,1785,216,138
,SP10,G3,P09,2021-01-25,4914,46,615
,SP18,G6,P14,2021-01-26,1869,242,208
,SP04,G1,P10,2021-01-26,8512,173,387
,SP23,G6,P09,2021-01-26,9296,1,716
,SP20,G5,P07,2021-01-26,6034,229,263
,SP22,G1,P11,2021-01-26,9471,166,365
,SP15,G1,P22,2021-01-26,3815,146,166
,SP01,G4,P06,2021-01-26,9485,140,527
,SP16,G2,P16,2021-01-26,3549,78,132
,SP04,G6,P09,2021-01-26,1512,61,117
,SP13,G3,P16,2021-01-26,2296,113,96
,SP11,G1,P01,2021-01-27,17402,43,697
,SP15,G6,P12,2021-01-27,11816,160,844
,SP17,G4,P16,2021-01-27,10612,232,425
,SP01,G2,P01,2021-01-27,5558,263,192
,SP21,G6,P04,2021-01-27,14056,148,781
,SP09,G2,P16,2021-01-27,5131,171,166
,SP16,G2,P08,2021-01-27,1477,352,87
,SP06,G5,P04,2021-01-27,7686,72,549
,SP23,G6,P13,2021-01-27,8722,35,460
,SP08,G6,P16,2021-01-27,6370,35,206
,SP03,G6,P13,2021-01-27,4074,208,240
,SP24,G4,P11,2021-01-27,1309,97,51
,SP07,G5,P20,2021-01-27,4991,137,357
,SP04,G3,P22,2021-01-27,6965,91,367
,SP15,G5,P18,2021-01-27,10199,497,408
,SP12,G4,P21,2021-01-27,7392,9,390
,SP01,G4,P12,2021-01-27,5880,71,392
,SP04,G2,P11,2021-01-27,5950,25,238
,SP14,G2,P16,2021-01-27,10395,57,336
,SP22,G1,P07,2021-01-27,6174,33,247
,SP04,G4,P19,2021-01-27,15239,170,1524
,SP21,G3,P09,2021-01-27,2219,145,247
,SP17,G4,P19,2021-01-27,3150,70,243
,SP17,G6,P15,2021-01-27,2968,216,212
,SP02,G3,P05,2021-01-27,3241,199,163
,SP15,G3,P07,2021-01-27,3605,120,151
,SP20,G3,P08,2021-01-28,3640,169,174
,SP11,G3,P08,2021-01-28,1309,294,77
,SP13,G1,P06,2021-01-28,10346,131,739
,SP15,G3,P04,2021-01-28,1071,359,54
,SP11,G6,P19,2021-01-28,6328,119,791
,SP07,G3,P11,2021-01-28,1820,143,68
,SP09,G1,P21,2021-01-28,3437,179,157
,SP17,G6,P14,2021-01-28,4550,214,455
,SP01,G3,P07,2021-01-28,2968,259,110
,SP14,G2,P06,2021-01-28,12565,4,898
,SP17,G3,P01,2021-01-28,8246,294,318
,SP09,G1,P05,2021-01-28,1190,137,70
,SP24,G4,P06,2021-01-28,3283,146,183
,SP08,G5,P18,2021-01-28,3087,300,115
,SP20,G1,P21,2021-01-28,6531,244,297
,SP16,G2,P14,2021-01-28,4228,55,249
,SP24,G2,P17,2021-01-28,10094,118,389
,SP21,G4,P01,2021-01-28,182,46,6
,SP22,G4,P14,2021-01-28,616,151,37
,SP24,G2,P20,2021-01-29,12131,121,809
,SP07,G2,P07,2021-01-29,2394,323,93
,SP12,G1,P14,2021-01-29,14287,89,841
,SP11,G4,P03,2021-01-29,10941,185,730
,SP24,G6,P07,2021-01-29,7777,345,260
,SP06,G3,P09,2021-01-29,9436,7,858
,SP07,G3,P12,2021-01-29,1267,104,116
,SP07,G2,P11,2021-01-29,8806,32,327
,SP06,G6,P21,2021-01-29,3640,403,243
,SP07,G6,P17,2021-01-29,4900,239,182
,SP18,G5,P14,2021-01-29,5558,219,348
,SP25,G4,P03,2021-01-29,9142,1,436
,SP02,G6,P05,2021-01-29,3514,143,235
,SP19,G3,P02,2021-01-29,140,91,10
,SP15,G6,P10,2021-02-01,11844,211,439
,SP03,G4,P01,2021-02-01,6517,54,233
,SP07,G1,P01,2021-02-01,8715,24,282
,SP05,G1,P16,2021-02-01,4851,455,180
,SP01,G2,P16,2021-02-01,10983,185,379
,SP21,G5,P15,2021-02-01,3290,75,329
,SP11,G5,P16,2021-02-01,6545,86,212
,SP03,G3,P19,2021-02-01,441,7,45
,SP14,G1,P21,2021-02-01,9849,75,580
,SP09,G4,P14,2021-02-01,3073,9,308
,SP17,G2,P16,2021-02-01,4452,75,149
,SP12,G3,P13,2021-02-01,10220,105,538
,SP09,G6,P19,2021-02-01,3150,11,210
,SP07,G2,P20,2021-02-01,6083,43,381
,SP08,G6,P12,2021-02-01,14063,140,1407
,SP07,G6,P19,2021-02-01,4578,256,306
,SP19,G1,P14,2021-02-01,6454,21,461
,SP15,G2,P18,2021-02-02,6650,166,256
,SP01,G1,P22,2021-02-02,2436,203,94
,SP21,G4,P21,2021-02-02,6944,33,331
,SP05,G1,P11,2021-02-02,19817,126,684
,SP01,G1,P02,2021-02-02,3521,50,235
,SP12,G2,P11,2021-02-02,10458,546,327
,SP24,G4,P08,2021-02-02,1302,401,57
,SP10,G5,P11,2021-02-02,7952,221,249
,SP13,G5,P06,2021-02-02,4753,133,265
,SP11,G1,P13,2021-02-02,11452,81,546
,SP03,G1,P10,2021-02-02,9345,124,390
,SP16,G1,P05,2021-02-02,7490,172,357
,SP25,G1,P16,2021-02-02,1519,127,57
,SP09,G6,P20,2021-02-02,3087,135,155
,SP06,G6,P20,2021-02-02,2352,178,168
,SP17,G3,P15,2021-02-02,11578,76,891
,SP11,G2,P22,2021-02-02,462,223,22
,SP24,G1,P17,2021-02-03,6916,32,315
,SP11,G1,P09,2021-02-03,3248,101,542
,SP25,G3,P01,2021-02-03,6475,431,240
,SP23,G6,P22,2021-02-03,9009,129,501
,SP17,G3,P14,2021-02-03,2835,20,189
,SP14,G1,P01,2021-02-03,7644,77,294
,SP19,G6,P19,2021-02-03,3360,48,240
,SP19,G2,P05,2021-02-03,1379,246,99
,SP22,G2,P16,2021-02-03,9534,229,382
,SP17,G2,P22,2021-02-03,14448,28,657
,SP24,G2,P15,2021-02-03,3829,432,240
,SP03,G4,P09,2021-02-04,9086,206,758
,SP15,G3,P01,2021-02-04,5803,299,194
,SP25,G6,P18,2021-02-04,182,36,7
,SP18,G6,P13,2021-02-04,9863,21,520
,SP06,G4,P09,2021-02-04,4046,80,289
,SP09,G6,P12,2021-02-04,3493,140,350
,SP13,G3,P03,2021-02-04,392,89,18
,SP05,G1,P10,2021-02-04,2534,19,111
,SP22,G6,P13,2021-02-04,7084,6,308
,SP05,G6,P09,2021-02-04,4809,70,344
,SP16,G3,P07,2021-02-04,7959,273,266
,SP15,G3,P08,2021-02-04,10521,231,527
,SP15,G3,P12,2021-02-04,56,168,5
,SP19,G6,P15,2021-02-04,3017,103,189
,SP12,G1,P09,2021-02-04,18949,300,2707
,SP24,G6,P01,2021-02-04,8764,69,338
,SP14,G1,P04,2021-02-04,12201,103,643
,SP20,G2,P10,2021-02-04,11935,189,460
,SP01,G2,P20,2021-02-04,3724,322,266
,SP23,G3,P06,2021-02-04,2646,70,166
,SP03,G1,P14,2021-02-04,686,18,46
,SP12,G5,P20,2021-02-04,2037,272,128
,SP23,G1,P21,2021-02-04,6300,208,300
,SP11,G3,P22,2021-02-04,2541,14,111
,SP04,G1,P04,2021-02-04,1883,97,118
,SP08,G1,P10,2021-02-04,10255,180,446
,SP22,G6,P11,2021-02-05,5803,98,233
,SP09,G1,P02,2021-02-05,8260,239,1033
,SP24,G1,P15,2021-02-05,14868,5,1859
,SP03,G2,P06,2021-02-05,4137,10,276
,SP10,G6,P11,2021-02-05,7161,480,276
,SP24,G2,P07,2021-02-05,9625,149,332
,SP19,G3,P16,2021-02-05,12852,296,429
,SP18,G3,P06,2021-02-05,7546,365,581
,SP19,G2,P06,2021-02-05,4123,104,275
,SP21,G1,P16,2021-02-05,13174,78,573
,SP17,G2,P02,2021-02-05,7637,161,546
,SP18,G2,P15,2021-02-05,3311,128,332
,SP21,G1,P04,2021-02-05,2338,52,107
,SP06,G1,P17,2021-02-08,3465,228,139
,SP17,G5,P22,2021-02-08,2345,435,107
,SP18,G3,P16,2021-02-08,12698,53,471
,SP01,G4,P13,2021-02-08,6678,24,334
,SP12,G3,P15,2021-02-08,4851,120,324
,SP08,G4,P07,2021-02-08,336,164,12
,SP12,G3,P09,2021-02-08,2366,8,198
,SP08,G2,P08,2021-02-08,10598,226,461
,SP01,G1,P20,2021-02-08,13293,199,665
,SP23,G5,P02,2021-02-08,2086,90,261
,SP04,G5,P22,2021-02-08,2751,133,120
,SP02,G3,P10,2021-02-08,5481,283,275
,SP09,G2,P20,2021-02-08,5628,11,433
,SP22,G2,P17,2021-02-08,2660,113,89
,SP20,G1,P03,2021-02-09,1386,157,82
,SP17,G6,P01,2021-02-09,11060,175,382
,SP16,G5,P21,2021-02-09,2919,147,172
,SP25,G3,P08,2021-02-09,8680,334,457
,SP09,G2,P10,2021-02-09,1484,362,71
,SP17,G3,P21,2021-02-09,16919,199,996
,SP21,G5,P11,2021-02-09,13188,215,440
,SP11,G5,P04,2021-02-09,4998,182,294
,SP14,G6,P13,2021-02-09,6146,64,342
,SP19,G1,P01,2021-02-09,5621,162,217
,SP18,G6,P05,2021-02-09,980,75,47
,SP13,G2,P03,2021-02-10,7343,116,350
,SP01,G3,P17,2021-02-10,1750,9,63
,SP05,G1,P06,2021-02-10,2464,90,165
,SP09,G2,P01,2021-02-10,1974,47,86
,SP22,G5,P19,2021-02-10,11823,52,986
,SP15,G4,P13,2021-02-10,7350,250,335
,SP15,G3,P15,2021-02-10,4165,170,417
,SP03,G1,P13,2021-02-10,630,41,28
,SP09,G3,P15,2021-02-10,2282,238,143
,SP17,G3,P12,2021-02-10,5250,37,292
,SP06,G3,P03,2021-02-10,11676,253,730
,SP17,G5,P17,2021-02-10,14917,289,533
,SP22,G3,P18,2021-02-11,4634,100,155
,SP05,G2,P18,2021-02-11,819,196,27
,SP10,G1,P07,2021-02-11,2422,60,106
,SP13,G3,P18,2021-02-11,1463,158,59
,SP15,G3,P18,2021-02-11,1050,10,32
,SP20,G6,P22,2021-02-11,1526,527,85
,SP03,G4,P02,2021-02-11,427,163,27
,SP06,G2,P10,2021-02-11,10976,132,440
,SP04,G4,P05,2021-02-12,6503,299,407
,SP13,G6,P08,2021-02-12,21,300,1
,SP05,G6,P06,2021-02-12,7063,13,393
,SP24,G3,P22,2021-02-12,3990,50,200
,SP14,G4,P19,2021-02-12,1806,184,129
,SP16,G1,P14,2021-02-12,10136,115,597
,SP12,G6,P03,2021-02-12,1288,119,62
,SP20,G3,P14,2021-02-12,1295,107,87
,SP09,G2,P19,2021-02-12,6461,288,718
,SP22,G4,P18,2021-02-12,4949,31,155
,SP18,G4,P12,2021-02-12,5432,39,302
,SP15,G3,P17,2021-02-12,7112,55,246
,SP12,G6,P22,2021-02-12,266,112,11
,SP05,G2,P02,2021-02-12,6202,44,414
,SP22,G4,P11,2021-02-15,1057,288,43
,SP15,G6,P07,2021-02-15,1925,460,67
,SP04,G1,P13,2021-02-15,1841,185,77
,SP07,G3,P10,2021-02-15,1204,5,61
,SP04,G4,P13,2021-02-15,4074,146,186
,SP16,G2,P18,2021-02-15,4473,39,150
,SP16,G6,P15,2021-02-15,2947,210,246
,SP23,G2,P16,2021-02-15,15386,59,642
,SP04,G6,P01,2021-02-15,4690,229,188
,SP24,G2,P14,2021-02-15,343,158,39
,SP14,G3,P05,2021-02-15,3052,393,146
,SP19,G5,P18,2021-02-15,686,187,25
,SP04,G3,P14,2021-02-15,6993,133,538
,SP21,G6,P01,2021-02-16,5236,170,169
,SP06,G1,P10,2021-02-16,8638,212,333
,SP07,G4,P18,2021-02-16,5712,288,191
,SP03,G2,P05,2021-02-16,6258,334,330
,SP04,G2,P19,2021-02-16,3234,90,294
,SP15,G1,P16,2021-02-16,17577,32,677
,SP11,G2,P06,2021-02-16,12684,217,668
,SP05,G1,P08,2021-02-16,1239,29,54
,SP15,G6,P02,2021-02-16,3402,55,243
,SP12,G1,P21,2021-02-16,11382,432,633
,SP18,G1,P01,2021-02-16,7133,212,265
,SP22,G1,P01,2021-02-17,8309,171,333
,SP23,G4,P12,2021-02-17,1435,3,131
,SP02,G3,P06,2021-02-17,3227,126,216
,SP25,G4,P07,2021-02-17,133,195,6
,SP05,G5,P08,2021-02-17,5446,425,273
,SP12,G1,P08,2021-02-17,4424,91,261
,SP22,G6,P01,2021-02-17,1827,168,80
,SP04,G4,P18,2021-02-17,8232,264,305
,SP07,G5,P02,2021-02-17,861,262,62
,SP01,G4,P19,2021-02-17,8099,178,675
,SP17,G5,P20,2021-02-17,5894,592,281
,SP25,G2,P11,2021-02-17,8211,601,257
,SP07,G1,P11,2021-02-17,10360,206,415
,SP14,G6,P01,2021-02-17,5145,98,166
,SP08,G6,P02,2021-02-17,9163,235,1146
,SP17,G1,P14,2021-02-17,15323,33,1393
,SP16,G3,P09,2021-02-17,7994,177,1000
,SP13,G3,P21,2021-02-17,6363,87,455
,SP20,G4,P22,2021-02-17,3262,185,172
,SP05,G5,P07,2021-02-17,2793,93,127
,SP17,G1,P16,2021-02-18,8491,338,340
,SP02,G5,P17,2021-02-18,13685,39,571
,SP21,G3,P14,2021-02-18,770,137,52
,SP25,G3,P02,2021-02-18,8631,399,1079
,SP22,G4,P12,2021-02-18,4536,120,267
,SP17,G6,P08,2021-02-18,14497,21,605
,SP17,G5,P21,2021-02-18,7672,112,452
,SP03,G5,P08,2021-02-18,10878,329,573
,SP02,G5,P02,2021-02-18,12572,94,1397
,SP19,G5,P02,2021-02-18,1575,90,105
,SP02,G3,P18,2021-02-18,5453,260,166
,SP19,G4,P18,2021-02-18,4802,84,155
,SP16,G1,P06,2021-02-19,7651,325,426
,SP18,G1,P09,2021-02-19,2079,527,260
,SP02,G4,P10,2021-02-19,2100,62,81
,SP25,G5,P20,2021-02-19,5278,242,406
,SP01,G2,P10,2021-02-19,4249,19,164
,SP12,G2,P05,2021-02-19,3976,9,210
,SP20,G2,P11,2021-02-19,6951,183,218
,SP25,G6,P10,2021-02-19,616,161,25
,SP09,G6,P13,2021-02-19,5439,115,287
,SP10,G1,P02,2021-02-19,63,206,7
,SP10,G3,P15,2021-02-19,1533,115,110
,SP20,G2,P19,2021-02-19,3535,337,322
,SP13,G3,P10,2021-02-19,2429,4,111
,SP03,G1,P04,2021-02-19,7119,144,356
,SP02,G4,P07,2021-02-19,3521,304,118
,SP08,G2,P11,2021-02-19,3745,177,118
,SP16,G5,P14,2021-02-19,4816,100,301
,SP02,G6,P15,2021-02-19,1736,72,193
,SP17,G5,P19,2021-02-19,1099,139,92
,SP14,G6,P11,2021-02-19,6692,165,231
,SP02,G5,P15,2021-02-22,364,177,31
,SP08,G3,P13,2021-02-22,10927,202,476
,SP12,G4,P13,2021-02-22,11410,103,476
,SP24,G1,P16,2021-02-22,2443,337,82
,SP14,G3,P14,2021-02-22,329,257,26
,SP04,G4,P07,2021-02-22,3066,144,128
,SP19,G4,P15,2021-02-22,567,243,38
,SP14,G4,P20,2021-02-22,14721,257,1052
,SP09,G4,P21,2021-02-22,6986,11,350
,SP06,G2,P13,2021-02-22,14112,158,784
,SP08,G6,P20,2021-02-22,1771,605,137
,SP15,G5,P22,2021-02-22,5082,164,231
,SP12,G3,P03,2021-02-22,1827,48,102
,SP18,G1,P07,2021-02-22,182,85,7
,SP08,G4,P21,2021-02-22,5369,136,269
,SP06,G2,P07,2021-02-22,6034,169,275
,SP09,G3,P05,2021-02-22,13209,204,881
,SP12,G5,P17,2021-02-22,847,263,30
,SP22,G3,P02,2021-02-22,1015,66,64
,SP14,G3,P02,2021-02-23,16247,215,2031
,SP21,G3,P15,2021-02-23,2422,41,303
,SP10,G3,P22,2021-02-23,3997,333,174
,SP24,G2,P03,2021-02-23,7182,125,479
,SP21,G1,P05,2021-02-23,1246,163,70
,SP24,G6,P06,2021-02-23,553,50,27
,SP23,G2,P12,2021-02-23,2681,206,207
,SP20,G5,P15,2021-02-23,2800,78,234
,SP23,G6,P04,2021-02-23,4851,160,304
,SP05,G3,P17,2021-02-23,168,3,6
,SP11,G5,P12,2021-02-23,315,5,21
,SP04,G3,P06,2021-02-23,11851,58,741
,SP14,G4,P07,2021-02-23,3220,261,147
,SP05,G6,P19,2021-02-23,11935,307,1194
,SP03,G3,P22,2021-02-23,12404,186,478
,SP22,G5,P12,2021-02-24,1519,132,90
,SP22,G1,P17,2021-02-24,10934,182,476
,SP25,G6,P22,2021-02-24,3346,179,129
,SP24,G3,P10,2021-02-24,8351,36,398
,SP12,G6,P14,2021-02-24,11718,76,733
,SP17,G3,P10,2021-02-24,2681,115,117
,SP22,G1,P02,2021-02-24,6188,292,563
,SP11,G5,P08,2021-02-24,10941,182,521
,SP11,G3,P01,2021-02-24,3647,220,141
,SP23,G3,P22,2021-02-25,2436,130,122
,SP11,G3,P17,2021-02-25,896,346,41
,SP04,G2,P17,2021-02-25,3808,17,174
,SP04,G3,P05,2021-02-25,10920,278,683
,SP13,G4,P12,2021-02-25,4186,75,299
,SP24,G3,P13,2021-02-25,6797,72,309
,SP24,G5,P10,2021-02-25,4319,56,155
,SP16,G3,P20,2021-02-25,1673,99,105
,SP20,G4,P03,2021-02-25,735,84,35
,SP20,G5,P11,2021-02-25,2632,39,106
,SP04,G4,P09,2021-02-25,2030,68,170
,SP03,G2,P18,2021-02-25,1169,265,47
,SP09,G4,P05,2021-02-25,3703,54,206
,SP01,G6,P14,2021-02-25,805,48,54
,SP23,G6,P20,2021-02-25,406,260,21
,SP20,G5,P09,2021-02-25,3591,73,360
,SP20,G6,P14,2021-02-25,5551,210,463
,SP24,G5,P14,2021-02-25,3605,347,258
,SP09,G3,P03,2021-02-25,6356,38,374
,SP24,G5,P19,2021-02-25,602,238,41
,SP23,G1,P14,2021-02-26,7042,142,470
,SP22,G5,P03,2021-02-26,2968,215,142
,SP10,G1,P22,2021-02-26,294,80,17
,SP05,G4,P11,2021-02-26,6363,68,213
,SP09,G2,P12,2021-02-26,280,220,18
,SP11,G3,P21,2021-02-26,406,22,29
,SP18,G4,P07,2021-02-26,4144,374,139
,SP08,G4,P01,2021-02-26,5341,179,173
,SP17,G5,P12,2021-02-26,2947,103,197
,SP02,G4,P19,2021-02-26,12026,166,926
,SP10,G4,P20,2021-02-26,3983,237,307
,SP04,G1,P14,2021-02-26,1792,283,163
,SP01,G6,P01,2021-02-26,1526,150,67
,SP20,G2,P16,2021-02-26,5313,70,190
,SP08,G6,P11,2021-02-26,7728,48,242
,SP16,G3,P13,2021-02-26,413,414,22
,SP21,G1,P14,2021-02-26,4431,13,493
,SP03,G2,P12,2021-02-26,1036,240,58
,SP21,G2,P09,2021-02-26,217,147,25
,SP15,G1,P19,2021-02-26,7616,16,693
,SP12,G6,P16,2021-02-26,11900,256,518
,SP25,G4,P19,2021-02-26,10437,350,1044
,SP18,G1,P12,2021-03-01,5691,216,335
,SP22,G5,P04,2021-03-01,5397,66,300
,SP08,G2,P16,2021-03-01,3276,61,143
,SP09,G4,P07,2021-03-01,4102,14,187
,SP02,G5,P18,2021-03-01,476,86,18
,SP14,G3,P16,2021-03-01,4858,138,157
,SP09,G3,P08,2021-03-01,7259,69,404
,SP08,G1,P03,2021-03-02,6209,35,311
,SP09,G4,P16,2021-03-02,12390,269,539
,SP20,G6,P21,2021-03-02,686,103,41
,SP18,G4,P01,2021-03-02,9030,563,312
,SP14,G3,P03,2021-03-02,5376,48,256
,SP24,G5,P17,2021-03-02,2898,17,126
,SP01,G2,P03,2021-03-02,18900,13,945
,SP18,G2,P11,2021-03-02,5082,95,182
,SP16,G5,P04,2021-03-02,2016,177,107
,SP10,G2,P20,2021-03-02,847,145,50
,SP10,G4,P15,2021-03-03,4200,57,350
,SP03,G4,P22,2021-03-03,17577,190,977
,SP09,G1,P09,2021-03-03,861,108,96
,SP03,G3,P07,2021-03-03,3829,434,142
,SP01,G6,P18,2021-03-03,1155,238,37
,SP19,G5,P15,2021-03-03,11123,189,1391
,SP22,G4,P15,2021-03-03,8505,82,532
,SP05,G2,P07,2021-03-03,4130,152,138
,SP14,G5,P01,2021-03-03,420,43,15
,SP07,G5,P06,2021-03-03,994,92,63
,SP13,G6,P05,2021-03-03,3689,364,176
,SP16,G2,P06,2021-03-03,13195,124,880
,SP12,G5,P16,2021-03-04,6545,276,219
,SP04,G2,P07,2021-03-04,9982,399,357
,SP21,G6,P13,2021-03-04,6363,95,398
,SP04,G5,P15,2021-03-04,14336,50,1304
,SP24,G1,P10,2021-03-04,7063,182,253
,SP17,G5,P11,2021-03-04,5551,176,199
,SP05,G2,P09,2021-03-04,448,319,38
,SP11,G6,P21,2021-03-05,9121,66,481
,SP04,G3,P09,2021-03-05,6258,277,626
,SP20,G3,P18,2021-03-05,10752,111,347
,SP08,G4,P13,2021-03-05,12411,100,540
,SP11,G5,P18,2021-03-05,308,74,10
,SP25,G2,P12,2021-03-05,10689,296,764
,SP04,G6,P07,2021-03-05,448,98,16
,SP11,G2,P05,2021-03-05,4410,271,260
,SP15,G6,P15,2021-03-08,6265,501,570
,SP05,G3,P21,2021-03-08,7301,116,366
,SP03,G5,P18,2021-03-08,4802,330,185
,SP14,G3,P01,2021-03-08,1358,99,53
,SP21,G2,P02,2021-03-08,1610,284,147
,SP03,G6,P22,2021-03-08,63,106,3
,SP05,G4,P21,2021-03-08,161,55,8
,SP02,G3,P03,2021-03-08,1246,157,70
,SP15,G1,P11,2021-03-08,49,250,3
,SP09,G2,P03,2021-03-08,4032,150,202
,SP18,G3,P09,2021-03-08,1085,181,181
,SP10,G2,P10,2021-03-08,4347,135,174
,SP15,G5,P17,2021-03-08,7084,193,322
,SP13,G3,P04,2021-03-08,5383,117,300
,SP06,G3,P12,2021-03-08,1351,232,123
,SP19,G5,P19,2021-03-08,3591,455,257
,SP13,G3,P12,2021-03-08,1540,27,154
,SP22,G2,P07,2021-03-08,9884,113,341
,SP18,G1,P13,2021-03-08,9415,296,554
,SP02,G5,P07,2021-03-08,1778,52,66
,SP17,G3,P04,2021-03-08,8120,224,370
,SP23,G6,P01,2021-03-08,2849,128,95
,SP13,G5,P13,2021-03-08,2408,288,115
,SP07,G3,P17,2021-03-08,12075,265,549
,SP06,G3,P18,2021-03-08,2730,120,95
,SP19,G6,P04,2021-03-09,1778,267,112
,SP18,G4,P09,2021-03-09,4725,157,591
,SP13,G3,P20,2021-03-09,6405,40,338
,SP03,G6,P08,2021-03-09,2674,402,122
,SP24,G1,P08,2021-03-09,5908,149,311
,SP24,G5,P03,2021-03-09,7301,39,457
,SP24,G2,P10,2021-03-09,154,101,6
,SP12,G2,P09,2021-03-09,343,103,29
,SP03,G4,P19,2021-03-09,14903,136,1656
,SP17,G4,P12,2021-03-09,5390,482,318
,SP09,G5,P03,2021-03-09,553,105,27
,SP23,G6,P10,2021-03-09,7266,70,346
,SP14,G4,P05,2021-03-09,8792,32,419
,SP05,G1,P04,2021-03-09,8967,154,561
,SP24,G1,P13,2021-03-09,3661,269,167
,SP13,G4,P19,2021-03-10,1344,8,112
,SP15,G5,P09,2021-03-10,10262,168,856
,SP03,G1,P05,2021-03-10,4480,128,264
,SP21,G4,P22,2021-03-10,7784,100,300
,SP01,G2,P17,2021-03-10,19054,178,658
,SP17,G4,P08,2021-03-10,23268,80,1058
,SP08,G1,P06,2021-03-11,3885,242,195
,SP17,G6,P06,2021-03-11,7147,225,477
,SP19,G1,P16,2021-03-11,4571,62,164
,SP23,G5,P20,2021-03-11,7973,80,614
,SP07,G6,P01,2021-03-11,6055,213,202
,SP09,G4,P03,2021-03-11,847,213,43
,SP08,G4,P09,2021-03-11,4914,147,702
,SP02,G5,P08,2021-03-11,1358,204,76
,SP01,G4,P17,2021-03-11,1428,387,50
,SP14,G2,P22,2021-03-11,8764,50,439
,SP25,G5,P03,2021-03-11,10472,107,456
,SP22,G6,P10,2021-03-11,1960,65,70
,SP03,G3,P06,2021-03-11,10171,69,536
,SP04,G3,P15,2021-03-11,8253,13,551
,SP01,G1,P16,2021-03-11,9534,86,367
,SP19,G3,P08,2021-03-11,5936,199,350
,SP01,G6,P06,2021-03-12,154,172,8
,SP08,G4,P18,2021-03-12,5663,155,196
,SP09,G6,P15,2021-03-12,11298,14,1256
,SP19,G3,P01,2021-03-12,1309,237,49
,SP03,G6,P06,2021-03-12,3815,258,212
,SP23,G5,P07,2021-03-12,385,227,16
,SP18,G2,P22,2021-03-12,315,232,15
,SP06,G1,P22,2021-03-12,11823,453,657
,SP03,G5,P07,2021-03-12,2891,205,108
,SP22,G6,P05,2021-03-12,5278,54,264
,SP20,G6,P10,2021-03-12,8036,118,335
,SP21,G6,P22,2021-03-12,2940,142,128
,SP02,G1,P22,2021-03-12,8309,232,333
,SP12,G1,P07,2021-03-12,1820,18,63
,SP08,G2,P09,2021-03-12,1393,153,127
,SP02,G4,P18,2021-03-12,6440,235,215
,SP07,G6,P16,2021-03-12,2275,359,99
,SP01,G6,P10,2021-03-12,3941,209,180
,SP23,G6,P19,2021-03-12,49,78,4
,SP18,G2,P03,2021-03-12,3346,122,168
,SP14,G1,P14,2021-03-15,4592,445,511
,SP21,G5,P12,2021-03-15,8862,152,522
,SP22,G4,P06,2021-03-15,9590,133,640
,SP04,G2,P13,2021-03-15,7175,47,359
,SP11,G1,P10,2021-03-15,2534,119,91
,SP02,G1,P06,2021-03-15,1162,3,62
,SP10,G3,P05,2021-03-15,7042,173,470
,SP06,G1,P20,2021-03-15,7392,111,493
,SP24,G3,P05,2021-03-15,371,191,20
,SP23,G4,P06,2021-03-16,7728,151,368
,SP20,G5,P18,2021-03-16,518,223,21
,SP08,G1,P07,2021-03-16,8547,112,317
,SP15,G5,P05,2021-03-16,4018,34,192
,SP21,G4,P17,2021-03-16,6118,203,266
,SP12,G4,P11,2021-03-16,1582,119,55
,SP23,G4,P13,2021-03-16,3626,309,214
,SP18,G3,P11,2021-03-16,8981,152,360
,SP08,G2,P19,2021-03-16,3304,306,255
,SP03,G6,P11,2021-03-16,6076,74,196
,SP04,G1,P15,2021-03-16,12530,134,964
,SP02,G2,P20,2021-03-16,3675,273,283
,SP15,G6,P04,2021-03-16,434,152,28
,SP10,G1,P20,2021-03-16,5509,16,307
,SP01,G1,P21,2021-03-16,10843,228,517
,SP01,G3,P09,2021-03-16,7623,88,587
,SP01,G3,P12,2021-03-16,7623,152,636
,SP01,G3,P10,2021-03-17,6573,185,313
,SP05,G1,P14,2021-03-17,2520,95,149
,SP04,G1,P21,2021-03-17,910,14,54
,SP24,G2,P19,2021-03-17,5397,8,416
,SP16,G3,P16,2021-03-17,4263,464,158
,SP19,G6,P17,2021-03-17,7637,114,273
,SP11,G3,P13,2021-03-17,15239,156,953
,SP23,G2,P08,2021-03-17,7840,81,392
,SP16,G3,P18,2021-03-17,1302,298,51
,SP16,G2,P17,2021-03-17,3192,459,128
,SP23,G4,P16,2021-03-17,4312,79,188
,SP18,G2,P16,2021-03-17,6258,49,224
,SP05,G2,P22,2021-03-17,7931,257,418
,SP19,G3,P22,2021-03-17,2576,67,129
,SP03,G1,P17,2021-03-17,623,224,22
,SP20,G6,P17,2021-03-17,7567,254,292
,SP13,G1,P22,2021-03-18,6363,179,266
,SP02,G3,P22,2021-03-18,1645,97,75
,SP25,G3,P19,2021-03-18,12740,72,980
,SP12,G3,P20,2021-03-18,6755,504,483
,SP15,G1,P12,2021-03-18,13321,119,833
,SP09,G5,P21,2021-03-18,1078,41,57
,SP14,G3,P08,2021-03-18,13104,77,624
,SP07,G3,P18,2021-03-18,10241,74,366
,SP19,G6,P13,2021-03-19,1904,316,112
,SP15,G3,P20,2021-03-19,4116,89,217
,SP09,G3,P10,2021-03-19,1302,24,55
,SP03,G3,P10,2021-03-19,4606,186,210
,SP25,G1,P06,2021-03-19,8526,153,569
,SP19,G3,P17,2021-03-22,13832,187,577
,SP03,G6,P17,2021-03-22,10962,24,392
,SP04,G1,P05,2021-03-22,5383,212,317
,SP25,G5,P15,2021-03-22,2856,138,179
,SP19,G2,P16,2021-03-22,2954,143,96
,SP05,G2,P10,2021-03-22,14385,230,600
,SP10,G6,P06,2021-03-22,10346,88,647
,SP24,G1,P20,2021-03-22,1568,199,83
,SP11,G6,P16,2021-03-22,3682,152,148
,SP02,G1,P11,2021-03-22,5544,162,185
,SP02,G2,P11,2021-03-22,252,48,10
,SP06,G3,P08,2021-03-22,6230,68,271
,SP15,G4,P11,2021-03-23,3724,37,129
,SP02,G4,P12,2021-03-23,5544,59,427
,SP01,G6,P04,2021-03-23,8624,54,392
,SP17,G1,P02,2021-03-23,4627,135,515
,SP01,G5,P12,2021-03-23,13237,374,1019
,SP08,G3,P05,2021-03-23,3143,298,158
,SP22,G3,P16,2021-03-23,8631,83,376
,SP06,G3,P21,2021-03-23,4886,343,288
,SP18,G4,P03,2021-03-23,5012,71,295
,SP20,G2,P05,2021-03-23,7847,353,462
,SP01,G3,P02,2021-03-24,2709,203,301
,SP20,G6,P01,2021-03-24,8918,295,372
,SP02,G6,P17,2021-03-24,11942,436,543
,SP08,G6,P19,2021-03-24,19173,42,1279
,SP16,G1,P17,2021-03-24,2590,209,87
,SP16,G4,P04,2021-03-24,2555,73,160
,SP10,G5,P05,2021-03-24,861,80,46
,SP07,G5,P17,2021-03-24,11956,282,544
,SP07,G4,P19,2021-03-24,8589,226,661
,SP05,G6,P22,2021-03-24,6496,196,361
,SP20,G3,P01,2021-03-24,5299,203,204
,SP13,G6,P21,2021-03-24,4858,174,324
,SP15,G4,P08,2021-03-24,357,204,19
,SP08,G1,P02,2021-03-24,5264,182,405
,SP09,G5,P10,2021-03-24,7896,83,304
,SP05,G2,P15,2021-03-24,9548,173,796
,SP08,G5,P04,2021-03-24,3024,240,178
,SP17,G4,P01,2021-03-24,12257,365,409
,SP05,G3,P01,2021-03-24,5327,2,184
,SP18,G6,P11,2021-03-24,784,208,33
,SP08,G6,P13,2021-03-25,5824,248,278
,SP25,G4,P22,2021-03-25,11354,119,494
,SP11,G3,P15,2021-03-25,7245,185,725
,SP16,G4,P12,2021-03-25,2870,480,160
,SP25,G4,P09,2021-03-25,721,191,91
,SP04,G2,P01,2021-03-25,1274,197,42
,SP15,G6,P03,2021-03-25,12187,266,717
,SP19,G4,P05,2021-03-25,17969,77,899
,SP19,G5,P17,2021-03-25,2471,174,103
,SP13,G6,P13,2021-03-25,2296,52,100
,SP21,G4,P03,2021-03-25,10801,35,636
,SP01,G5,P07,2021-03-25,3031,49,117
,SP01,G2,P12,2021-03-25,112,252,11
,SP03,G5,P17,2021-03-25,329,130,14
,SP03,G4,P12,2021-03-25,9590,154,600
,SP09,G3,P07,2021-03-25,3220,209,115
,SP04,G1,P11,2021-03-25,9660,106,358
,SP08,G1,P14,2021-03-25,9737,184,886
,SP05,G6,P15,2021-03-25,3899,199,488
,SP10,G6,P18,2021-03-26,1477,58,48
,SP15,G5,P10,2021-03-26,4242,324,152
,SP25,G2,P19,2021-03-26,8946,163,895
,SP25,G1,P09,2021-03-26,14504,150,1813
,SP15,G4,P18,2021-03-26,6433,130,202
,SP06,G3,P11,2021-03-26,9261,143,343
,SP20,G4,P13,2021-03-26,756,71,38
,SP03,G2,P15,2021-03-26,4018,10,447
,SP12,G5,P08,2021-03-26,168,281,9
,SP03,G3,P17,2021-03-26,4004,16,149
,SP13,G5,P08,2021-03-26,6272,133,299
,SP08,G1,P19,2021-03-26,5215,87,348
,SP03,G4,P10,2021-03-26,3094,21,148
,SP21,G5,P08,2021-03-26,9324,171,583
,SP23,G6,P16,2021-03-26,20447,78,758
,SP07,G1,P15,2021-03-26,14189,19,1183
,SP13,G1,P20,2021-03-26,6503,231,434
,SP06,G2,P12,2021-03-26,2212,24,202
,SP11,G4,P21,2021-03-26,2975,45,142
,SP14,G2,P14,2021-03-29,4788,217,342
,SP13,G2,P14,2021-03-29,9604,201,565
,SP21,G4,P07,2021-03-29,616,181,24
,SP20,G2,P02,2021-03-29,7644,4,695
,SP07,G1,P02,2021-03-29,4193,153,263
,SP18,G5,P05,2021-03-29,6132,183,307
,SP20,G4,P20,2021-03-29,7896,302,376
,SP22,G4,P16,2021-03-29,2576,332,96
,SP13,G1,P04,2021-03-29,2821,197,157
,SP07,G5,P11,2021-03-29,12103,88,485
,SP02,G3,P20,2021-03-29,5271,330,377
,SP12,G2,P15,2021-03-29,5117,66,512
,SP08,G6,P09,2021-03-30,4767,232,434
,SP04,G1,P17,2021-03-30,20076,29,670
,SP25,G4,P06,2021-03-30,2583,206,185
,SP20,G4,P09,2021-03-30,14210,39,2030
,SP01,G3,P15,2021-03-30,4403,25,315
,SP03,G5,P10,2021-03-30,12985,279,619
,SP14,G3,P13,2021-03-30,1358,63,68
,SP01,G1,P15,2021-03-30,203,330,19
,SP06,G5,P06,2021-03-30,1281,275,99
,SP22,G5,P16,2021-03-30,13475,119,539
,SP19,G6,P14,2021-03-30,1547,200,119
,SP04,G1,P03,2021-03-31,6013,217,317
,SP20,G5,P19,2021-03-31,10703,21,1071
,SP10,G3,P11,2021-03-31,7630,236,306
,SP21,G2,P06,2021-03-31,5369,251,384
,SP03,G5,P21,2021-03-31,7917,115,360
,SP02,G5,P06,2021-03-31,259,116,17
,SP10,G2,P16,2021-04-01,3115,22,112
,SP14,G6,P06,2021-04-01,10731,117,537
,SP18,G6,P06,2021-04-01,2352,21,181
,SP03,G2,P08,2021-04-01,5138,51,303
,SP17,G1,P09,2021-04-01,1428,194,102
,SP07,G5,P13,2021-04-01,3598,17,157
,SP04,G5,P06,2021-04-01,10528,21,555
,SP15,G3,P11,2021-04-02,2100,242,70
,SP21,G1,P01,2021-04-02,6797,218,262
,SP14,G2,P17,2021-04-02,6202,52,249
,SP05,G5,P01,2021-04-02,8001,4,348
,SP08,G2,P05,2021-04-02,13832,294,814
,SP13,G2,P19,2021-04-02,1568,181,121
,SP13,G6,P07,2021-04-02,3129,127,112
,SP05,G5,P11,2021-04-02,6944,2,278
,SP14,G6,P16,2021-04-02,7672,17,265
,SP08,G6,P08,2021-04-02,4137,200,197
,SP14,G2,P03,2021-04-02,1365,155,72
,SP12,G4,P04,2021-04-02,7238,381,453
,SP14,G4,P03,2021-04-02,10500,355,457
,SP18,G2,P20,2021-04-02,6790,129,453
,SP14,G1,P19,2021-04-02,7203,63,515
,SP22,G1,P15,2021-04-02,6202,86,443
,SP02,G2,P14,2021-04-05,8351,1,696
,SP24,G1,P19,2021-04-05,980,437,109
,SP11,G5,P13,2021-04-05,12908,182,562
,SP09,G3,P19,2021-04-05,4473,302,320
,SP04,G1,P18,2021-04-06,3066,155,93
,SP16,G1,P07,2021-04-06,4053,329,177
,SP04,G6,P08,2021-04-06,3024,155,152
,SP13,G5,P16,2021-04-07,2100,147,68
,SP20,G5,P10,2021-04-07,2555,156,112
,SP09,G6,P16,2021-04-07,6559,208,243
,SP19,G3,P06,2021-04-07,8176,183,390
,SP04,G6,P03,2021-04-07,17675,197,884
,SP18,G5,P15,2021-04-07,11004,175,1223
,SP25,G4,P01,2021-04-07,2233,292,77
,SP05,G2,P01,2021-04-07,16359,14,712
,SP06,G6,P19,2021-04-07,3192,21,228
,SP14,G3,P06,2021-04-07,5313,275,380
,SP19,G3,P04,2021-04-07,1841,223,97
,SP02,G6,P10,2021-04-07,9884,13,396
,SP04,G4,P14,2021-04-07,3066,268,205
,SP09,G3,P18,2021-04-07,11207,254,362
,SP11,G1,P02,2021-04-07,6321,86,452
,SP10,G1,P09,2021-04-07,5299,62,663
,SP02,G5,P21,2021-04-08,11578,63,552
,SP25,G1,P08,2021-04-08,4298,201,239
,SP16,G5,P15,2021-04-08,9548,17,682
,SP10,G4,P10,2021-04-08,5663,25,236
,SP10,G6,P10,2021-04-08,329,260,15
,SP10,G4,P05,2021-04-08,9275,165,489
,SP12,G5,P11,2021-04-08,77,133,3
,SP10,G1,P04,2021-04-08,4256,110,224
,SP23,G6,P03,2021-04-09,4018,413,237
,SP15,G6,P05,2021-04-09,6699,138,479
,SP24,G2,P13,2021-04-09,4571,17,241
,SP05,G5,P13,2021-04-09,4193,79,200
,SP18,G2,P09,2021-04-09,392,175,28
,SP11,G6,P03,2021-04-09,3192,18,146
,SP05,G3,P22,2021-04-09,154,48,7
,SP06,G6,P07,2021-04-09,5502,112,212
,SP14,G6,P09,2021-04-09,4389,365,439
,SP08,G5,P08,2021-04-09,12215,120,764
,SP13,G6,P09,2021-04-09,1960,50,140
,SP23,G1,P12,2021-04-09,994,389,77
,SP19,G4,P10,2021-04-09,3731,41,150
,SP22,G2,P22,2021-04-12,11851,45,456
,SP18,G4,P18,2021-04-12,7798,77,289
,SP10,G4,P08,2021-04-12,658,82,32
,SP18,G1,P15,2021-04-12,18963,191,1355
,SP10,G1,P08,2021-04-12,574,383,34
,SP12,G3,P18,2021-04-12,763,47,28
,SP16,G3,P02,2021-04-12,1295,218,108
,SP12,G2,P10,2021-04-12,1281,349,61
,SP19,G3,P15,2021-04-12,6657,364,606
,SP16,G3,P05,2021-04-12,1533,129,110
,SP21,G6,P08,2021-04-12,2534,36,121
,SP23,G2,P14,2021-04-12,3808,74,224
,SP09,G4,P08,2021-04-12,7637,90,425
,SP12,G3,P02,2021-04-13,5397,37,416
,SP01,G5,P16,2021-04-13,5649,97,202
,SP20,G3,P07,2021-04-13,2996,136,116
,SP04,G5,P16,2021-04-13,2247,351,87
,SP09,G2,P09,2021-04-13,1092,136,84
,SP13,G1,P05,2021-04-13,4368,23,292
,SP01,G3,P14,2021-04-13,868,90,87
,SP07,G2,P01,2021-04-13,8729,35,364
,SP13,G2,P08,2021-04-13,2065,17,130
,SP07,G4,P08,2021-04-13,6293,48,274
,SP05,G4,P19,2021-04-13,7602,247,761
,SP16,G3,P03,2021-04-13,10150,223,598
,SP10,G6,P03,2021-04-13,11081,311,739
,SP14,G2,P04,2021-04-13,588,41,27
,SP22,G6,P19,2021-04-13,3710,129,413
,SP24,G4,P04,2021-04-14,371,121,27
,SP21,G4,P13,2021-04-14,2254,69,119
,SP12,G5,P22,2021-04-14,2345,70,112
,SP01,G5,P02,2021-04-14,18473,6,2053
,SP04,G2,P16,2021-04-14,1680,26,58
,SP17,G2,P13,2021-04-14,4508,16,215
,SP02,G5,P04,2021-04-15,8463,284,385
,SP19,G1,P15,2021-04-15,931,269,117
